prospect,handle,platform,location,followers_approx,fit,priority,contact_route,why_selected,source
Mrunmai,@tasteofmiles,Instagram,Pune,54800,High,P1,DM,"Explicitly focuses on Pune street food, cafes and hidden gems; strong match for local discovery","https://socialveins.com/influencer/instagram/tasteofmiles"
Sagar Rathi,@abitewithsagar,Instagram,Pune,19900,High,P1,DM,"Food/restaurant reviewer and Google Local Guide; unusually strong fit for discovery and local-intent testing","https://socialveins.com/influencer/instagram/abitewithsagar"
Sasha Jain,@thesassysasha,Instagram,Pune,48700,High,P1,DM,"Pune/PCMC food reviewer with explicit vegetarian/Jain positioning; useful for taste-personalization hypothesis","https://socialveins.com/influencer/instagram/thesassysasha"
Isha Shah & Disha Shah,@ishdishstories,Instagram,Pune,34000,High,P1,DM,"Food/lifestyle and restaurant-review content; prior app-promotion suitability reported","https://socialveins.com/influencer/instagram/ishdishstories"
Ruchi Parekh,@thevegetarianfoodiee,Instagram,Pune,27700,High,P1,DM,"Pune-focused restaurant discovery with vegetarian, family and experience angles","https://socialveins.com/influencer/instagram/thevegetarianfoodiee"
Priya,@feastnfly_withbrownblond,Instagram,Pune,24200,High,P1,DM,"Food/travel/lifestyle creator currently in Pune; strong discovery-oriented audience fit","https://socialveins.com/influencer/instagram/feastnfly_withbrownblond"
Mallika Badjate,@spoon_of_flavor,Instagram,Pune,7600,High,P1,DM,"Small but relevant food/restaurant reviewer; nano creator is useful for high-trust acquisition testing","https://socialveins.com/find-influencers/all-food_and_restaurant_reviewer-influencers-in-pune-on-instagram"
Sups,@craving_for_food_and_drinks,Instagram,Pune,7400,High,P1,DM,"Food/restaurant reviewer with explicit Pune focus and review/collaboration activity","https://socialveins.com/find-influencers/all-food_and_restaurant_reviewer-influencers-in-pune-on-instagram"
Nikky & Shilpy,@alwayzhungry___,Instagram,Pune,7000,Medium,P2,DM,"Nano food creators focused on eating/exploring; useful low-scale trust experiment","https://socialveins.com/find-influencers/female-food_blogger-influencers-in-pune-on-instagram"
Mehak Warikoo,@curlygirlcraving,Instagram,Pune,4800,Medium,P2,DM,"Bio is directly about exploring places to eat in Pune; very strong conceptual fit despite small audience","https://socialveins.com/find-influencers/female-food_blogger-influencers-in-pune-on-instagram"
